Area,0_4,5_7,8_9,10_14,15,16_17,18_19,20_24,25_29,30_34,35_39,40_44,45_49,50_54,55_59,60_64,65_69,70_74,75_79,80_84,85+
England,"3,318,449","1,827,610","1,145,022","3,080,929","650,826","1,314,124","1,375,315","3,595,321","3,650,881","3,509,221","3,549,116","3,885,934","3,879,815","3,400,095","2,996,992","3,172,277","2,508,154","2,044,129","1,669,345","1,258,773","1,180,128"
Darlington,"6,579","3,790","2,284","6,224","1,330","2,721","2,357","6,071","6,607","6,429","6,847","7,641","7,994","7,258","6,308","6,685","5,205","4,512","3,526","2,646","2,550"
County Durham,"28,574","15,818","9,841","27,869","5,882","12,107","15,278","35,155","30,628","28,133","30,498","37,519","39,537","35,713","32,950","35,395","27,874","23,009","17,850","12,785","10,827"
Hartlepool,"5,698","3,202","1,990","5,653","1,257","2,570","2,451","5,955","5,622","5,033","5,373","6,463","7,267","6,464","5,595","5,837","4,236","3,938","3,327","2,241","1,856"
Middlesbrough,"9,431","5,178","3,098","8,485","1,811","3,747","4,506","11,690","9,765","8,295","8,135","8,984","9,899","9,233","7,933","7,531","5,680","5,153","4,278","3,115","2,465"
Northumberland,"16,003","9,863","6,482","17,677","3,841","7,631","6,992","16,224","16,187","16,121","17,907","22,128","24,842","24,121","22,172","24,533","19,062","15,304","12,249","8,769","7,920"
Redcar and Cleveland,"7,553","4,362","2,736","7,803","1,712","3,608","3,515","8,092","7,628","6,987","7,654","9,479","10,398","9,429","8,458","9,511","7,776","6,642","5,017","3,704","3,113"
Stockton-on-Tees,"12,322","6,824","4,149","11,457","2,355","5,168","5,296","12,651","12,602","11,445","12,003","14,087","14,644","13,399","11,609","11,648","8,745","7,357","6,089","4,279","3,481"
Gateshead,"11,869","6,323","3,987","10,880","2,439","4,778","4,953","12,104","14,059","13,110","12,880","14,476","15,053","13,790","11,672","12,596","9,646","8,962","7,293","5,119","4,225"
Newcastle upon Tyne,"16,522","8,534","5,501","14,488","2,929","6,156","13,311","36,012","22,948","18,053","16,697","17,222","17,956","16,629","14,367","14,133","10,289","9,091","7,857","6,000","5,482"
North Tyneside,"11,732","6,577","4,076","10,921","2,407","4,631","4,421","10,908","12,411","13,326","13,505","14,813","15,766","14,180","12,773","13,059","9,704","8,392","7,124","5,363","4,712"
South Tyneside,"8,182","4,619","2,932","8,233","1,961","3,735","3,797","9,447","8,901","8,343","8,610","10,483","11,720","11,143","9,531","9,637","7,096","6,538","5,492","4,140","3,587"
Sunderland,"15,378","8,599","5,534","15,355","3,326","6,753","7,708","19,709","16,945","15,877","17,040","19,937","20,944","20,020","17,577","18,011","13,198","11,833","9,759","6,841","5,162"
Blackburn with Darwen,"11,278","6,386","4,092","10,322","2,289","4,278","3,651","9,718","10,951","9,907","10,137","10,818","9,901","8,934","7,882","7,884","5,689","4,667","3,659","2,701","2,345"
Blackpool,"8,218","4,652","2,784","8,052","1,660","3,487","3,501","8,529","8,580","7,756","8,609","10,489","11,025","9,654","8,415","9,415","7,729","6,624","5,238","3,910","3,738"
Cheshire East,"20,194","12,057","7,687","21,383","4,432","9,249","8,398","18,615","19,020","19,532","24,129","28,386","29,831","26,124","23,275","26,443","21,074","16,877","13,485","10,248","9,688"
Cheshire West and Chester,"18,050","10,742","6,701","18,737","3,905","7,904","8,296","19,511","18,796","18,085","21,296","24,677","25,698","22,851","20,573","22,686","17,832","14,950","11,683","8,704","7,931"
Halton,"8,354","4,563","2,820","7,577","1,613","3,339","3,130","8,024","8,141","7,666","8,304","9,034","9,280","8,768","8,144","8,508","5,765","4,605","3,600","2,532","1,979"
Warrington,"12,309","7,003","4,552","12,296","2,591","5,259","4,657","12,088","12,503","12,185","14,120","16,022","16,591","13,569","11,828","12,441","9,980","8,218","6,007","4,287","3,722"
Allerdale,"4,921","2,786","1,920","5,470","1,170","2,501","2,119","4,610","4,808","4,766","5,449","7,345","7,409","6,982","6,529","7,604","5,912","4,944","3,847","2,775","2,555"
Barrow-in-Furness,"3,719","2,204","1,437","4,022",909,"1,872","1,710","3,988","3,924","3,601","4,195","5,328","5,354","4,748","4,310","4,811","3,978","3,284","2,382","1,736","1,575"
Carlisle,"6,064","3,449","2,066","5,702","1,201","2,491","2,898","6,536","6,685","6,090","6,721","7,762","8,138","7,813","6,764","7,247","5,665","4,721","3,908","2,919","2,684"
Copeland,"3,695","2,182","1,385","3,870",858,"1,752","1,592","3,826","3,978","3,709","4,183","5,215","5,775","5,342","4,660","5,227","4,018","3,425","2,625","1,789","1,497"
Eden,"2,383","1,608",991,"2,947",659,"1,166","1,150","2,442","2,323","2,355","2,888","3,973","4,194","3,869","3,744","4,343","3,480","2,808","2,143","1,660","1,438"
South Lakeland,"4,466","2,822","1,907","5,438","1,248","2,594","1,956","4,272","4,571","4,758","5,535","7,436","7,913","7,604","7,227","8,790","7,387","5,788","4,639","3,778","3,529"
Bolton,"18,765","10,383","6,495","17,793","3,640","7,483","6,799","18,071","18,285","17,195","18,544","20,981","20,058","17,565","15,344","16,845","13,034","10,519","7,931","5,728","5,328"
Bury,"12,235","6,875","4,233","11,361","2,421","4,827","4,297","10,688","11,622","11,483","12,314","14,180","14,354","12,337","10,581","11,712","8,968","7,324","5,616","4,007","3,625"
Manchester,"36,413","18,059","10,558","26,785","5,603","10,734","21,965","66,998","56,595","45,004","33,970","32,466","28,637","23,927","19,633","18,236","13,191","11,576","9,378","7,026","6,373"
Oldham,"16,491","9,353","6,069","15,337","3,209","6,098","5,749","14,586","15,177","14,020","14,431","16,494","15,699","14,128","12,228","12,875","10,027","8,253","6,068","4,397","4,208"
Rochdale,"14,754","8,177","4,971","13,925","2,956","5,989","5,480","14,005","14,111","13,367","13,846","15,701","15,071","13,710","12,366","12,454","9,161","7,481","5,911","4,456","3,807"
Salford,"16,255","8,146","4,865","12,969","2,918","5,543","6,642","19,537","20,989","17,158","15,407","16,236","16,106","14,035","11,563","12,358","9,498","8,045","6,410","4,734","4,519"
Stockport,"17,342","9,772","6,036","16,759","3,544","7,169","6,162","15,184","15,896","17,124","18,582","21,363","22,206","19,670","17,176","18,263","14,277","12,238","10,122","7,640","6,750"
Tameside,"14,439","7,727","4,728","13,029","2,785","5,787","5,415","13,744","14,320","13,588","14,467","16,827","17,066","14,721","12,613","13,867","10,526","8,518","6,456","4,521","4,180"
Trafford,"14,870","8,531","5,501","14,076","2,846","5,907","4,773","11,776","13,764","15,010","16,430","17,781","18,223","15,281","12,722","12,814","9,759","8,566","7,240","5,659","5,049"
Wigan,"19,681","11,178","6,866","18,270","4,029","8,064","7,477","19,310","20,174","19,030","21,461","25,621","24,750","20,778","18,312","21,199","17,181","13,138","9,541","6,389","5,400"
Burnley,"5,847","3,211","1,956","5,040","1,090","2,221","2,229","5,574","5,751","5,315","5,442","6,222","6,143","5,804","5,239","5,841","4,225","3,370","2,622","1,984","1,933"
Chorley,"6,203","3,714","2,249","6,076","1,381","2,558","2,202","6,122","6,210","6,270","7,652","8,416","8,429","7,357","6,689","7,665","5,944","4,437","3,246","2,174","2,161"
Fylde,"3,612","2,157","1,420","4,008",803,"1,743","1,541","3,393","3,591","3,452","4,165","5,361","6,009","5,548","4,916","5,695","5,012","4,118","3,569","2,947","2,697"
Hyndburn,"5,427","3,084","1,918","5,057","1,156","2,170","1,954","5,041","5,287","4,972","5,268","6,089","5,822","5,057","4,569","5,054","4,020","3,053","2,385","1,798","1,553"
Lancaster,"7,232","3,956","2,511","7,714","1,557","3,260","6,456","13,194","7,969","7,366","7,645","9,280","9,626","8,659","7,850","8,735","7,186","6,070","4,922","3,650","3,537"
Pendle,"6,362","3,403","2,060","5,359","1,140","2,190","2,155","5,722","6,301","5,722","5,557","6,146","5,979","5,747","5,283","5,976","4,307","3,355","2,670","2,116","1,902"
Preston,"9,323","4,933","3,005","7,940","1,579","3,334","5,536","14,062","10,750","9,322","9,048","9,746","9,730","8,396","7,168","7,084","5,303","4,606","3,925","2,863","2,549"
Ribble Valley,"2,881","1,819","1,284","3,805",791,"1,552","1,215","2,685","2,414","2,361","3,356","4,456","4,750","4,223","3,758","4,251","3,497","2,767","2,216","1,572","1,479"
Rossendale,"4,329","2,340","1,563","4,052",887,"1,849","1,573","3,869","3,940","4,029","4,565","5,361","5,271","4,733","4,359","4,721","3,364","2,441","1,932","1,453","1,351"
South Ribble,"6,331","3,615","2,268","6,359","1,321","2,728","2,424","6,349","6,290","6,119","7,400","8,336","8,584","7,284","6,727","7,510","5,896","4,811","3,607","2,744","2,354"
West Lancashire,"5,998","3,594","2,341","6,685","1,355","2,812","3,557","7,196","5,447","5,051","6,661","8,008","8,545","7,731","6,943","7,886","6,470","5,294","4,020","2,734","2,357"
Wyre,"5,046","3,154","2,010","5,788","1,284","2,769","2,510","5,387","4,869","4,794","5,500","7,422","7,968","7,505","6,956","8,162","7,347","6,474","5,207","4,021","3,576"
Knowsley,"9,121","5,107","3,205","9,200","2,035","4,120","3,968","9,846","9,229","8,166","8,694","10,509","11,500","10,986","8,984","8,209","6,164","5,780","5,147","3,559","2,364"
Liverpool,"26,099","13,590","8,664","24,315","5,432","10,811","18,329","50,636","39,966","33,053","28,069","30,893","32,022","29,288","25,364","24,418","17,685","16,342","13,967","9,742","7,730"
Sefton,"14,601","8,301","5,467","15,672","3,314","6,979","6,349","15,915","14,915","13,445","15,389","18,772","21,160","20,290","17,790","18,420","15,058","13,715","11,879","8,833","7,526"
St. Helens,"10,269","5,684","3,587","10,212","2,184","4,466","4,309","10,522","10,501","9,747","11,459","12,931","13,174","11,727","10,881","12,255","9,596","8,016","6,129","4,165","3,494"
Wirral,"18,514","10,791","6,886","19,005","4,089","8,436","7,338","18,069","17,939","17,112","19,161","22,719","24,360","22,395","20,263","21,740","17,035","14,284","12,018","9,295","8,334"
East Riding of Yorkshire,"16,400","9,990","6,640","18,625","4,191","8,229","7,976","15,779","15,073","15,931","20,033","24,381","26,056","23,938","22,412","27,070","21,068","17,648","13,951","9,769","9,019"
"Kingston upon Hull, City of","17,358","8,754","5,220","13,944","3,090","6,413","7,913","24,040","20,274","17,303","17,229","17,576","18,022","15,949","13,746","13,844","9,635","8,666","7,322","5,466","4,642"
North East Lincolnshire,"10,005","5,546","3,420","9,264","2,004","4,119","4,148","10,521","9,987","8,703","9,769","11,330","11,973","10,683","9,621","10,236","7,815","6,918","5,712","4,101","3,741"
North Lincolnshire,"10,282","5,782","3,595","9,550","2,132","4,217","3,806","9,522","9,969","9,114","10,180","12,373","12,862","11,649","10,922","11,452","9,017","7,246","5,771","4,241","3,764"
York,"10,677","5,747","3,601","9,712","2,039","4,179","7,879","19,746","14,159","12,552","12,510","13,756","13,697","12,017","10,649","11,716","9,122","7,807","6,589","5,040","4,857"
Craven,"2,528","1,546","1,146","3,317",711,"1,394","1,125","2,403","2,292","2,298","3,041","4,045","4,354","4,174","3,979","4,446","3,687","2,818","2,375","1,841","1,889"
Hambleton,"4,348","2,730","1,806","5,118","1,099","2,123","1,955","4,431","4,197","3,954","4,870","6,419","7,394","6,466","6,102","6,887","5,748","4,709","3,647","2,720","2,417"
Harrogate,"8,677","5,227","3,481","9,432","2,016","4,132","3,241","7,384","8,169","8,379","9,948","12,228","12,830","11,307","9,850","10,674","8,694","7,202","5,889","4,493","4,616"
Richmondshire,"2,910","1,647","1,163","2,949",598,"1,205","1,726","4,252","3,467","2,751","2,964","3,654","3,667","3,329","3,064","3,543","2,797","2,233","1,730","1,212","1,104"
Ryedale,"2,385","1,522",951,"3,024",669,"1,459","1,059","2,203","2,085","2,130","2,687","3,666","4,025","3,741","3,742","4,351","3,604","2,829","2,338","1,743","1,538"
Scarborough,"5,317","3,092","1,979","5,718","1,285","2,539","2,716","6,268","5,367","4,703","5,655","6,933","7,998","7,683","7,500","8,720","7,212","6,099","4,821","3,713","3,475"
Selby,"4,875","2,741","1,818","4,852","1,028","2,167","1,812","4,453","4,346","4,420","5,518","6,651","7,053","6,289","5,419","6,001","4,463","3,239","2,655","1,899","1,750"
Barnsley,"13,957","7,798","4,764","13,378","2,989","5,804","5,597","13,533","14,446","12,793","14,720","18,212","17,843","16,204","14,330","14,843","12,346","9,734","7,708","5,542","4,680"
Doncaster,"19,220","10,558","6,514","17,407","3,794","7,907","7,236","19,417","20,239","17,825","18,852","21,581","22,572","20,928","18,364","18,847","14,737","12,372","10,174","7,486","6,372"
Rotherham,"15,738","8,923","5,722","15,664","3,215","6,797","6,205","15,227","15,422","14,333","16,099","19,442","19,390","17,934","15,663","16,664","13,686","11,097","8,537","6,023","5,499"
Sheffield,"33,977","18,825","11,512","30,193","6,177","12,627","23,505","56,134","38,805","35,936","34,878","39,453","36,497","32,216","27,578","28,687","24,114","20,574","16,800","12,437","11,773"
Bradford,"41,167","22,903","14,579","36,268","7,414","14,248","13,706","35,679","38,810","36,821","35,704","35,914","34,006","31,493","27,588","26,760","18,570","16,918","13,917","10,383","9,604"
Calderdale,"12,906","7,403","4,579","12,563","2,730","5,163","4,736","11,421","12,089","12,375","13,604","15,959","15,886","14,195","12,401","13,344","9,848","7,745","5,956","4,629","4,294"
Kirklees,"28,331","15,976","10,051","26,177","5,614","10,669","11,264","28,826","27,475","26,954","28,285","31,654","30,260","26,926","24,001","25,845","19,323","15,712","12,091","9,001","8,023"
Leeds,"47,844","25,177","15,404","40,167","8,901","17,178","26,756","71,874","59,860","53,456","50,021","52,285","50,442","44,050","38,294","40,178","30,220","26,235","22,229","16,332","14,582"
Wakefield,"19,545","10,931","6,712","18,774","4,078","8,374","7,567","19,566","20,773","18,597","21,324","25,390","25,157","22,633","20,053","21,221","16,902","13,440","10,611","7,527","6,662"
Derby,"17,743","9,329","5,654","14,857","3,093","6,250","7,385","20,069","18,211","16,563","16,723","18,012","17,620","14,612","12,376","12,586","10,169","8,715","7,568","5,972","5,245"
Leicester,"24,297","12,925","7,855","20,162","4,040","8,608","11,842","35,406","29,571","25,272","21,955","20,940","20,240","18,953","16,501","14,056","9,977","8,911","7,321","5,615","5,392"
Nottingham,"19,959","10,194","6,235","15,860","3,328","6,818","16,913","42,766","26,232","22,433","19,441","19,645","18,502","15,772","13,404","12,626","9,313","8,207","7,181","5,696","5,155"
Rutland,"1,854","1,129",721,"2,352",630,"1,434",831,"1,740","1,907","1,855","2,145","2,686","2,642","2,517","2,362","2,715","2,331","1,887","1,436","1,094","1,101"
Amber Valley,"6,404","3,771","2,616","7,202","1,475","3,162","2,668","6,233","6,439","6,549","8,080","9,660","9,622","8,512","7,958","9,179","7,219","5,277","4,158","3,074","3,051"
Bolsover,"4,275","2,492","1,511","4,379","1,017","1,956","1,765","4,267","4,564","4,129","4,909","6,126","5,876","5,173","4,611","5,032","4,354","3,183","2,601","1,904","1,742"
Chesterfield,"5,778","3,132","1,939","6,041","1,303","2,747","2,427","5,784","6,071","5,919","6,765","7,862","8,113","7,207","6,453","6,956","5,652","4,453","3,565","2,843","2,778"
Derbyshire Dales,"3,077","2,169","1,475","4,208",888,"1,733","1,411","3,008","2,719","2,822","3,914","5,291","5,957","5,357","5,185","6,075","4,826","3,680","2,969","2,165","2,187"
Erewash,"6,527","3,637","2,298","6,188","1,483","2,945","2,600","6,714","6,407","6,480","7,395","9,001","9,057","7,498","6,644","7,211","5,954","4,703","3,947","2,757","2,635"
High Peak,"4,961","2,986","1,905","5,487","1,137","2,339","2,279","5,059","4,643","4,635","5,627","7,329","7,668","6,758","5,979","6,431","4,945","3,697","2,905","2,154","1,968"
North East Derbyshire,"4,799","2,977","1,932","5,370","1,246","2,471","2,239","5,020","4,764","4,730","5,907","7,425","7,628","7,230","6,712","7,655","6,567","5,112","3,893","2,814","2,532"
South Derbyshire,"5,724","3,464","2,145","6,082","1,286","2,527","2,061","4,873","5,400","5,972","6,692","7,842","7,559","6,242","5,884","6,231","4,738","3,429","2,710","2,016","1,734"
Blaby,"5,446","3,263","2,061","5,590","1,221","2,462","2,189","4,990","5,005","5,134","6,368","7,451","7,365","6,492","5,646","6,357","5,026","4,073","3,260","2,397","2,119"
Charnwood,"9,120","5,053","3,226","8,924","1,899","4,209","6,778","16,121","10,079","9,261","10,126","11,758","11,794","10,507","9,650","10,333","8,064","6,287","5,219","4,036","3,656"
Harborough,"4,665","3,028","1,987","5,527","1,141","2,301","1,714","3,701","3,700","4,143","5,565","7,119","7,310","6,179","5,650","6,061","4,829","3,641","2,872","2,147","2,102"
Hinckley and Bosworth,"5,778","3,377","2,142","6,014","1,292","2,575","2,117","5,376","5,767","5,922","6,818","8,085","8,290","7,316","6,966","7,910","6,027","4,547","3,543","2,773","2,443"
Melton,"2,786","1,618","1,067","3,033",635,"1,275","1,074","2,535","2,537","2,592","2,996","4,032","4,272","3,648","3,357","3,662","2,826","2,149","1,731","1,288","1,263"
North West Leicestershire,"5,477","3,319","2,102","5,642","1,137","2,311","1,963","4,739","4,939","5,124","6,488","7,569","7,529","6,358","5,940","6,599","5,201","3,796","2,934","2,209","2,092"
Oadby and Wigston,"2,882","1,711","1,092","3,370",756,"1,570","2,680","3,463","3,023","2,964","3,159","3,907","4,310","3,746","3,218","3,432","2,803","2,522","2,293","1,734","1,535"
Boston,"3,841","1,980","1,243","3,527",771,"1,493","1,421","3,942","4,372","3,850","3,892","4,347","4,539","4,208","4,074","4,395","3,735","3,038","2,422","1,922","1,625"
East Lindsey,"6,202","3,637","2,362","7,168","1,614","3,170","2,756","6,433","5,876","5,496","6,672","8,605","9,644","9,447","9,570","12,310","11,212","8,737","6,683","4,753","4,054"
Lincoln,"5,514","2,710","1,593","4,548",986,"2,057","4,663","11,198","7,915","6,363","5,582","5,901","6,181","5,384","4,746","4,874","3,709","3,004","2,472","2,075","2,066"
North Kesteven,"5,483","3,364","2,220","6,591","1,408","2,684","2,207","5,068","5,341","5,346","6,610","8,486","8,692","7,343","6,540","7,891","6,849","5,559","4,213","3,090","2,781"
South Holland,"4,488","2,555","1,740","4,982","1,151","2,080","1,697","4,523","4,705","4,668","5,303","6,150","6,595","5,843","5,548","6,579","5,462","4,767","3,933","2,920","2,581"
South Kesteven,"7,432","4,279","2,895","8,262","1,835","3,509","2,779","6,251","6,809","7,069","8,374","10,200","10,600","9,616","8,654","9,664","7,889","5,905","4,640","3,583","3,543"
West Lindsey,"4,391","2,697","1,811","5,392","1,206","2,415","2,022","4,141","3,915","4,032","4,943","6,601","7,193","6,576","6,218","7,068","5,963","4,444","3,524","2,537","2,161"
Corby,"4,519","2,225","1,385","3,748",741,"1,578","1,487","3,924","4,786","4,231","4,075","4,597","4,839","4,079","3,528","3,201","2,619","2,105","1,622","1,110",856
Daventry,"4,350","2,688","1,834","4,889","1,051","2,120","1,692","3,797","3,588","3,870","5,126","6,481","6,590","5,737","5,138","5,715","4,394","3,131","2,338","1,724","1,590"
East Northamptonshire,"5,233","3,197","1,941","5,589","1,229","2,512","1,929","4,028","4,250","4,753","5,985","7,163","6,864","5,858","5,385","6,244","4,614","3,421","2,626","1,963","1,981"
Kettering,"6,256","3,504","2,181","5,564","1,161","2,303","2,029","4,993","5,797","5,940","6,748","7,432","7,041","5,870","5,448","6,214","4,687","3,418","2,700","2,069","2,120"
Northampton,"15,845","7,848","4,716","12,138","2,466","5,168","5,659","15,345","16,950","16,250","15,724","15,096","15,299","12,662","11,083","11,605","8,344","6,497","5,278","4,057","4,039"
South Northamptonshire,"4,771","3,062","2,139","5,507","1,086","2,176","1,716","3,589","3,603","4,299","5,883","7,242","7,359","6,420","5,598","6,340","4,754","3,342","2,588","1,909","1,806"
Wellingborough,"5,038","2,755","1,719","4,595",901,"1,876","1,620","4,018","4,645","4,688","5,250","5,790","5,610","4,855","4,577","5,085","3,921","2,882","2,250","1,701","1,580"
Ashfield,"7,413","4,076","2,587","7,181","1,542","2,974","2,829","7,064","7,104","7,110","7,876","9,367","9,375","8,009","7,172","7,580","6,547","5,030","3,698","2,542","2,421"
Bassetlaw,"6,105","3,549","2,277","6,816","1,414","3,072","2,613","6,021","6,027","5,918","7,051","8,568","9,053","7,994","7,356","8,088","6,508","5,036","3,962","2,880","2,555"
Broxtowe,"6,163","3,208","2,093","5,848","1,237","2,710","2,508","6,722","6,625","6,541","7,272","8,259","8,480","7,489","6,686","7,548","5,930","4,803","3,858","2,846","2,661"
Gedling,"6,470","3,647","2,339","6,560","1,341","2,892","2,572","6,002","6,205","6,639","7,295","8,676","8,839","8,005","7,290","7,755","6,024","5,090","4,133","3,042","2,727"
Mansfield,"6,399","3,376","2,095","5,852","1,296","2,705","2,535","6,518","6,799","6,291","6,535","7,679","8,164","7,325","6,438","6,513","5,450","4,203","3,462","2,601","2,230"
Newark and Sherwood,"6,317","3,813","2,454","6,872","1,404","2,912","2,688","6,061","5,971","5,785","7,216","8,857","8,974","8,143","7,351","8,214","6,722","5,251","4,069","3,014","2,729"
Rushcliffe,"6,392","3,790","2,443","6,621","1,332","2,716","2,562","6,174","5,320","6,165","7,367","8,646","8,947","7,785","7,035","7,411","6,006","4,621","3,949","3,017","2,830"
"Herefordshire, County of","9,580","5,550","3,630","10,494","2,261","4,519","3,904","9,431","9,681","9,606","10,411","12,832","14,020","12,677","12,261","13,604","11,418","9,078","7,559","5,637","5,324"
Shropshire,"15,698","9,392","6,240","17,915","3,905","8,113","6,933","16,619","15,619","15,405","17,790","22,163","23,574","21,004","20,160","22,300","19,059","15,153","11,709","8,971","8,407"
Stoke-on-Trent,"17,092","8,935","5,254","14,260","2,825","6,233","6,977","19,089","18,156","15,829","16,113","17,810","17,353","15,534","14,009","14,721","11,616","9,368","7,480","5,639","4,715"
Telford and Wrekin,"11,344","6,185","3,822","10,594","2,256","4,675","4,565","10,863","10,888","10,334","11,145","12,850","12,653","10,502","9,866","10,010","7,934","5,994","4,439","3,042","2,680"
Cannock Chase,"5,871","3,319","2,086","5,861","1,298","2,573","2,373","5,893","6,129","5,738","6,700","7,931","7,754","6,387","5,783","6,109","5,044","3,860","2,821","2,145","1,787"
East Staffordshire,"7,002","3,927","2,629","6,694","1,510","3,062","2,612","6,722","7,199","6,846","7,349","8,657","8,838","7,780","6,630","6,995","5,740","4,629","3,713","2,729","2,320"
Lichfield,"5,285","3,229","2,152","5,753","1,178","2,507","2,203","5,232","5,013","5,291","6,340","7,619","7,832","6,782","6,459","7,525","6,893","5,061","3,570","2,460","2,270"
Newcastle-under-Lyme,"6,314","3,979","2,389","6,971","1,405","2,914","4,216","9,545","6,937","6,708","7,642","8,919","9,166","8,209","7,615","8,434","6,620","5,410","4,431","3,202","2,845"
South Staffordshire,"4,878","3,141","2,069","6,236","1,301","2,831","2,523","6,035","4,972","4,785","6,363","8,149","8,789","8,069","7,316","8,169","7,051","5,666","4,251","2,907","2,630"
Stafford,"7,007","4,126","2,457","7,200","1,453","3,203","3,197","8,009","7,102","7,124","8,225","10,030","10,127","8,900","8,268","9,167","7,825","6,120","4,595","3,443","3,291"
Staffordshire Moorlands,"4,671","2,860","1,940","5,377","1,152","2,398","2,082","4,760","4,467","4,596","5,864","7,611","7,606","6,824","6,678","7,839","6,381","4,979","3,866","2,685","2,470"
Tamworth,"5,061","2,820","1,722","4,789",954,"2,022","1,816","4,744","5,181","4,845","5,408","5,911","5,511","5,048","4,850","4,987","3,733","2,777","2,032","1,428","1,174"
North Warwickshire,"3,285","1,920","1,289","3,730",741,"1,559","1,358","3,219","3,281","3,164","4,044","4,864","5,006","4,496","4,177","4,496","3,718","2,788","2,064","1,490","1,325"
Nuneaton and Bedworth,"7,925","4,279","2,740","7,412","1,652","3,302","2,937","7,453","7,971","7,777","8,294","9,336","9,459","8,179","7,586","8,028","6,707","5,061","3,918","2,843","2,393"
Rugby,"6,269","3,483","2,165","6,149","1,320","2,718","2,136","5,182","6,322","6,319","6,932","7,636","7,812","6,602","5,634","6,062","5,401","4,003","3,064","2,492","2,374"
Stratford-on-Avon,"5,965","3,718","2,458","6,849","1,453","2,936","2,348","5,257","5,382","5,558","7,242","8,897","9,596","8,718","8,187","9,341","8,117","6,149","4,931","3,761","3,622"
Warwick,"7,920","4,351","2,777","7,127","1,422","2,999","3,604","11,623","9,321","9,220","9,552","10,083","10,131","8,571","7,707","8,190","6,711","5,171","4,280","3,445","3,443"
Birmingham,"81,901","45,952","28,408","73,659","14,762","29,453","36,063","93,914","85,601","79,169","71,405","72,084","68,109","57,698","50,219","46,435","37,543","32,559","27,902","21,141","19,068"
Coventry,"22,476","11,359","7,043","17,831","4,145","7,571","12,526","30,610","24,848","21,542","20,655","21,377","20,186","17,807","15,378","15,356","13,208","10,807","8,750","6,793","6,692"
Dudley,"18,867","10,971","6,963","18,539","4,164","8,226","7,473","18,141","18,947","18,024","19,798","23,848","23,248","19,583","18,389","19,547","17,255","14,247","11,379","8,418","6,898"
Sandwell,"22,669","12,529","7,665","19,333","4,038","8,142","8,040","20,793","23,085","21,235","21,168","22,411","21,398","17,991","15,495","15,230","13,139","11,381","9,186","6,950","6,185"
Solihull,"11,555","7,099","4,612","13,111","2,804","5,836","4,766","11,365","10,664","10,683","12,380","15,355","16,534","14,258","12,226","13,830","11,530","8,933","7,529","6,103","5,501"
Walsall,"18,373","10,401","6,570","17,266","3,590","7,237","6,840","17,504","17,690","16,184","16,906","19,503","19,087","16,464","14,672","15,221","13,227","11,439","9,194","6,558","5,397"
Wolverhampton,"16,687","8,971","5,471","15,095","3,199","6,705","6,824","17,988","17,947","16,436","16,744","18,219","17,370","14,949","13,255","12,981","10,853","9,712","8,146","6,322","5,596"
Bromsgrove,"4,822","3,008","1,912","5,529","1,259","2,489","2,004","4,677","4,250","4,451","5,919","7,273","7,548","6,678","6,226","6,457","5,503","4,332","3,673","2,862","2,765"
Malvern Hills,"3,297","2,158","1,485","4,448","1,024","2,191","1,603","3,146","2,919","2,939","3,849","5,157","5,705","5,428","5,144","6,157","5,095","4,179","3,369","2,627","2,711"
Redditch,"5,629","3,064","1,822","4,996","1,047","2,154","1,875","5,175","5,995","6,022","5,904","6,042","5,901","5,470","5,618","5,616","4,052","2,699","2,046","1,603","1,484"
Worcester,"6,359","3,426","2,146","5,445","1,101","2,332","3,142","7,417","7,080","6,939","7,028","7,463","7,248","6,029","5,444","5,560","4,248","3,452","2,901","2,016","1,992"
Wychavon,"5,743","3,668","2,353","6,679","1,462","2,856","2,401","5,361","5,368","5,455","6,872","8,866","9,340","8,323","8,088","9,094","7,491","5,966","4,603","3,529","3,426"
Wyre Forest,"5,256","2,988","1,983","5,416","1,142","2,265","2,127","5,142","5,271","5,071","6,061","7,351","7,129","6,161","6,345","7,804","6,692","4,912","3,718","2,634","2,507"
Bedford,"10,099","5,742","3,634","9,955","2,178","4,267","4,005","9,640","10,134","10,394","10,601","11,843","11,693","10,206","8,917","9,303","7,045","5,716","4,900","3,780","3,427"
Central Bedfordshire,"16,009","9,162","5,805","15,480","3,323","6,571","5,441","13,598","14,484","15,621","17,853","20,123","21,076","18,150","15,504","16,292","12,435","9,510","7,825","5,407","4,712"
Luton,"16,592","8,809","5,412","13,211","2,732","5,425","5,404","16,621","18,812","16,064","14,066","13,796","13,538","11,225","9,267","8,346","6,542","6,102","5,032","3,408","2,797"
Peterborough,"13,904","7,088","4,336","11,349","2,459","4,741","4,298","12,502","15,046","14,112","12,914","13,289","12,677","11,014","9,642","9,382","6,909","5,792","5,026","3,803","3,348"
Southend-on-Sea,"11,213","5,783","3,715","10,194","2,132","4,322","3,730","9,832","11,282","11,623","12,223","13,083","12,755","10,887","9,667","10,419","8,468","6,716","5,779","4,769","5,066"
Thurrock,"12,005","6,428","3,803","9,949","2,113","4,117","3,623","9,804","11,162","11,808","12,200","12,558","11,535","9,453","8,387","8,739","5,996","4,742","3,784","2,873","2,626"
Cambridge,"6,703","3,186","1,887","5,006","1,078","2,446","6,714","18,076","13,341","11,384","8,469","7,654","7,084","5,908","5,357","4,973","3,832","3,045","2,722","2,306","2,696"
East Cambridgeshire,"5,506","3,098","1,918","4,812","1,003","2,004","1,547","4,110","4,895","5,629","6,080","6,562","6,476","5,478","4,924","5,469","4,239","3,301","2,735","2,132","1,900"
Fenland,"5,221","2,889","1,952","5,525","1,193","2,391","2,024","5,353","5,597","5,224","5,745","6,881","6,999","6,221","6,112","6,616","5,523","4,572","3,779","2,919","2,526"
Huntingdonshire,"10,098","5,860","3,844","10,361","2,188","4,309","3,821","9,507","9,805","10,239","11,605","13,498","13,587","11,759","10,325","11,402","8,875","6,614","4,890","3,567","3,354"
South Cambridgeshire,"9,300","5,483","3,578","9,106","1,946","3,789","2,999","7,148","8,083","9,442","10,791","11,724","11,795","10,168","8,945","9,756","7,515","5,624","4,576","3,590","3,397"
Basildon,"11,405","6,537","4,128","10,891","2,338","4,625","4,075","10,089","10,936","11,562","11,923","13,215","13,085","11,571","9,732","10,497","7,892","6,593","5,713","4,155","3,535"
Braintree,"9,467","5,345","3,384","8,943","1,847","3,640","3,182","7,957","8,373","8,725","10,042","11,720","11,358","9,673","9,048","9,967","7,418","5,615","4,376","3,496","3,508"
Brentwood,"3,926","2,452","1,605","4,585",918,"2,068","1,509","3,648","3,819","4,229","4,784","5,602","6,147","5,147","4,354","4,759","3,701","3,192","2,786","2,180","2,190"
Castle Point,"4,173","2,643","1,752","5,188","1,113","2,317","2,047","4,740","4,212","4,130","5,133","6,349","6,517","5,918","5,642","7,136","5,799","4,686","3,666","2,536","2,314"
Chelmsford,"9,994","5,784","3,747","9,747","2,035","4,415","3,804","9,875","10,643","10,531","11,787","12,844","12,910","11,157","10,047","10,972","8,239","6,469","5,446","4,092","3,772"
Colchester,"10,647","5,841","3,562","9,606","1,991","4,134","5,586","13,886","11,947","11,366","11,633","12,621","12,217","10,488","9,399","10,842","8,200","6,243","5,216","3,931","3,718"
Epping Forest,"7,366","4,193","2,638","7,235","1,519","3,094","2,771","6,663","6,624","7,517","8,378","9,647","9,925","8,625","7,619","8,295","6,426","5,038","4,274","3,469","3,343"
Harlow,"6,020","3,045","1,872","4,929","1,017","2,196","1,831","4,858","5,970","5,942","5,706","6,051","5,984","5,442","4,633","4,143","3,136","2,777","2,644","2,139","1,609"
Maldon,"3,027","1,924","1,337","3,726",811,"1,533","1,218","2,883","2,480","2,833","3,707","4,890","4,835","4,611","4,339","5,101","4,027","2,949","2,317","1,562","1,519"
Rochford,"4,369","2,608","1,760","5,141","1,138","2,221","1,771","4,138","3,729","4,199","5,298","6,576","6,510","5,736","5,308","6,106","4,852","3,981","3,332","2,393","2,121"
Tendring,"6,753","3,940","2,562","7,671","1,627","3,380","2,963","6,709","5,672","5,578","6,856","8,732","9,434","8,825","8,725","11,348","10,221","8,607","7,185","5,612","5,648"
Uttlesford,"4,649","2,983","1,949","5,339","1,124","2,288","1,635","3,601","3,602","4,195","5,147","6,412","6,672","5,981","4,961","5,330","4,196","3,066","2,485","1,921","1,907"
Broxbourne,"6,175","3,409","2,141","5,903","1,131","2,459","2,240","5,620","5,671","6,088","6,338","7,383","7,229","6,129","5,048","5,349","4,324","3,721","3,136","2,300","1,815"
Dacorum,"9,718","5,139","3,269","8,862","1,876","3,802","3,037","7,919","8,671","9,425","10,437","11,079","11,403","10,211","8,742","8,374","6,274","5,036","4,618","3,580","3,375"
East Hertfordshire,"8,299","5,003","3,254","9,096","1,896","3,987","2,755","6,411","7,328","8,688","10,155","11,608","11,835","9,780","7,993","8,346","6,236","4,971","4,204","3,044","2,798"
Hertsmere,"6,707","3,673","2,296","6,212","1,302","2,721","2,094","5,869","6,099","6,309","6,908","7,466","7,899","6,690","5,680","5,778","4,475","3,523","3,096","2,578","2,656"
North Hertfordshire,"8,027","4,559","2,842","7,669","1,629","3,217","2,524","6,126","7,582","8,262","9,359","9,896","10,189","8,530","7,234","7,758","5,950","4,883","4,381","3,120","3,377"
St Albans,"10,296","5,629","3,453","8,926","1,770","3,641","2,561","6,342","7,831","9,626","11,242","11,541","10,981","9,223","7,916","7,910","6,031","5,018","4,214","3,319","3,194"
Stevenage,"5,906","3,064","1,907","5,100","1,114","2,299","2,178","5,448","6,089","5,703","5,645","6,425","6,790","5,763","4,500","4,154","3,241","2,753","2,464","1,867","1,547"
Three Rivers,"5,433","3,190","2,059","5,673","1,143","2,333","1,823","4,357","4,716","5,412","6,124","6,733","7,164","6,000","5,137","5,314","4,001","3,326","3,007","2,160","2,212"
Watford,"6,730","3,353","2,083","5,298","1,144","2,145","2,013","5,711","8,053","8,141","7,315","7,013","6,409","5,361","4,385","3,996","3,143","2,600","2,153","1,676","1,579"
Welwyn Hatfield,"6,775","3,693","2,340","6,085","1,273","2,703","4,251","11,436","7,765","7,152","6,807","7,483","7,790","6,871","5,672","5,500","4,310","3,774","3,545","2,786","2,524"
Breckland,"7,412","3,917","2,516","7,411","1,728","3,155","2,749","7,303","7,334","6,751","7,576","9,026","9,536","8,255","7,913","9,771","8,088","6,719","5,426","4,043","3,862"
Broadland,"6,053","3,763","2,476","7,173","1,524","3,064","2,499","5,482","5,345","6,114","7,689","9,355","9,775","8,640","8,171","9,707","7,931","6,533","5,413","4,108","3,831"
Great Yarmouth,"5,528","2,977","1,953","5,584","1,487","2,475","2,279","5,942","5,731","4,879","5,261","6,533","6,826","6,162","6,061","7,228","6,111","4,746","3,861","2,951","2,702"
King`s Lynn and West Norfolk,"7,970","4,372","2,889","7,888","1,693","3,523","2,981","8,069","8,285","7,413","8,285","9,872","10,432","9,453","9,232","11,253","9,715","8,078","6,618","4,966","4,464"
North Norfolk,"4,327","2,470","1,680","4,954","1,238","2,205","1,911","4,542","4,279","3,863","4,645","6,088","6,773","6,867","7,221","9,239","8,211","6,609","5,794","4,411","4,172"
Norwich,"8,425","3,953","2,314","5,809","1,206","2,498","5,134","15,289","12,794","10,521","8,987","8,592","7,820","6,878","6,430","6,517","5,043","4,199","3,684","3,128","3,291"
South Norfolk,"6,816","3,865","2,512","7,557","1,545","3,202","2,518","5,357","5,740","6,200","7,608","9,031","9,403","8,529","8,033","9,573","7,939","6,204","5,046","3,842","3,492"
Babergh,"4,451","2,983","1,885","5,476","1,124","2,322","1,675","3,958","3,795","4,118","5,228","6,498","6,742","5,900","5,843","6,986","5,695","4,315","3,491","2,705","2,550"
Forest Heath,"4,123","2,020","1,203","3,092",626,"1,210","1,124","4,675","5,508","4,574","3,993","3,952","3,883","3,408","3,081","3,582","2,756","2,307","1,882","1,450","1,299"
Ipswich,"9,250","4,835","2,795","7,552","1,556","3,524","3,556","9,562","10,877","9,963","9,124","9,425","8,991","8,184","7,223","7,137","5,239","4,362","3,880","3,231","3,118"
Mid Suffolk,"5,266","3,235","2,159","5,883","1,281","2,410","1,938","4,537","4,585","4,770","5,729","7,103","7,488","6,894","6,436","7,546","6,036","4,601","3,639","2,641","2,554"
St Edmundsbury,"6,663","3,692","2,343","6,337","1,290","2,830","2,346","6,493","7,211","6,548","7,009","8,219","8,276","6,827","6,427","7,507","6,282","4,993","3,841","2,958","2,916"
Suffolk Coastal,"6,243","3,938","2,547","7,547","1,622","3,225","2,495","5,325","4,992","5,471","6,872","8,716","9,439","8,849","8,294","9,918","8,098","6,556","5,578","4,341","4,232"
Waveney,"6,230","3,538","2,323","6,417","1,377","2,833","2,544","5,963","5,714","5,470","6,374","7,807","7,819","7,322","7,100","8,930","7,714","6,287","5,319","4,114","4,059"
Camden,"13,168","6,781","4,117","9,594","1,805","3,540","7,178","21,863","25,923","24,427","19,169","15,977","13,244","10,958","9,362","9,255","7,306","5,631","4,442","3,455","3,143"
City of London,236,117,65,169,33,72,92,545,956,820,598,627,600,471,476,463,329,258,185,146,117
Hackney,"19,149","9,618","5,742","13,878","2,738","5,270","5,402","21,685","33,838","30,077","21,335","17,393","15,098","11,525","8,856","7,271","5,303","4,370","3,430","2,345","1,947"
Hammersmith and Fulham,"11,900","5,446","3,113","7,621","1,550","2,883","3,483","17,279","26,021","22,008","17,182","13,669","11,414","8,703","7,131","6,677","5,011","4,091","3,035","2,265","2,011"
Haringey,"18,112","9,798","5,977","15,234","2,949","5,600","5,704","18,835","28,062","28,539","22,684","20,135","17,656","13,416","10,613","9,243","6,680","5,895","4,506","2,867","2,421"
Islington,"12,289","5,900","3,683","9,118","1,835","3,560","5,405","20,453","29,744","24,867","17,490","15,076","13,367","10,173","7,901","7,228","5,395","4,490","3,478","2,542","2,131"
Kensington and Chelsea,"9,189","4,765","2,849","6,442","1,137","2,308","3,030","11,322","16,602","18,345","14,400","12,432","11,376","9,475","7,686","8,176","6,271","4,657","3,262","2,458","2,467"
Lambeth,"20,701","10,196","6,180","14,754","2,955","5,576","5,527","26,702","43,135","37,005","27,198","23,088","20,897","15,601","11,372","9,012","6,623","5,994","4,438","3,287","2,845"
Lewisham,"22,004","10,580","6,085","15,268","3,199","6,371","6,557","20,883","26,465","28,663","24,213","21,919","20,481","15,750","11,523","9,789","7,284","6,357","5,113","3,900","3,481"
Newham,"25,384","12,846","7,988","19,587","4,089","7,934","8,388","32,586","40,437","31,895","23,485","21,222","17,479","14,731","10,807","8,533","5,992","5,469","4,055","2,741","2,336"
Southwark,"20,739","9,836","5,726","14,097","2,984","5,656","7,326","26,996","35,725","32,297","25,299","22,926","20,121","16,070","11,084","9,072","6,547","5,432","4,271","3,195","2,884"
Tower Hamlets,"18,750","9,697","5,834","13,202","2,660","4,953","7,010","30,818","40,157","33,028","21,539","15,678","11,778","9,736","7,823","5,863","4,140","4,029","3,204","2,407","1,790"
Wandsworth,"21,670","9,230","5,344","12,521","2,241","4,621","5,541","23,699","47,217","41,740","29,521","22,542","18,100","14,088","11,351","10,658","7,710","6,745","5,126","3,637","3,693"
Westminster,"12,617","6,071","3,655","8,665","1,576","3,374","5,047","17,490","27,498","26,721","20,677","16,716","13,990","11,582","9,998","9,205","7,190","6,017","4,786","3,421","3,100"
Barking and Dagenham,"18,676","8,989","5,342","12,757","2,534","5,246","4,805","13,053","14,971","15,241","14,506","13,716","12,216","10,012","7,727","6,799","4,950","4,326","3,779","3,203","3,063"
Barnet,"26,239","13,804","8,548","21,293","4,350","8,839","7,391","23,913","31,425","30,171","27,104","26,589","23,979","20,848","17,549","16,912","13,326","10,397","9,034","7,000","7,675"
Bexley,"15,182","8,535","5,480","15,018","3,351","6,574","5,903","14,832","14,041","14,473","14,992","17,681","17,994","15,495","12,439","12,795","9,916","8,779","7,481","5,927","5,109"
Brent,"22,446","11,521","7,127","17,942","3,721","7,607","7,261","24,198","34,698","30,190","24,324","21,774","20,546","18,473","14,443","12,268","9,580","8,364","6,684","4,453","3,595"
Bromley,"20,095","11,161","6,900","18,612","3,818","7,912","6,182","16,119","17,887","21,064","22,214","24,854","24,312","20,684","17,049","18,492","14,177","11,593","10,224","8,228","7,815"
Croydon,"27,972","14,388","8,708","23,130","4,912","9,934","8,720","23,591","27,692","28,642","26,693","27,104","28,528","23,071","18,889","17,029","12,587","10,568","8,920","6,398","5,902"
Ealing,"25,426","12,595","7,790","19,043","4,023","7,728","6,922","24,552","33,998","33,577","28,371","25,498","22,877","19,007","16,619","14,196","10,387","9,032","7,268","4,884","4,656"
Enfield,"24,513","13,047","7,883","20,305","4,253","8,547","7,711","21,726","24,957","24,129","22,210","23,846","22,897","18,969","14,988","13,652","11,164","9,228","7,620","5,539","5,282"
Greenwich,"20,945","10,443","5,882","14,984","3,140","5,978","6,943","19,987","22,113","25,213","21,254","19,118","17,134","14,052","11,083","10,172","7,495","6,180","4,939","3,753","3,749"
Harrow,"15,916","9,007","5,414","14,590","3,131","6,604","5,369","16,066","19,345","19,608","17,112","16,638","16,338","15,157","13,084","12,010","9,372","8,048","6,726","4,933","4,588"
Havering,"13,661","8,143","5,087","14,365","3,132","6,439","5,787","14,976","14,662","14,484","14,734","17,071","17,659","16,520","13,674","14,561","11,053","9,508","8,719","6,941","6,056"
Hillingdon,"19,704","10,494","6,421","16,877","3,397","7,227","8,409","21,934","20,878","21,507","20,012","19,679","19,341","16,567","13,525","12,786","9,635","8,426","7,246","5,179","4,692"
Hounslow,"19,725","9,412","5,487","13,945","2,964","5,954","5,759","18,612","26,231","25,465","21,144","18,144","16,704","14,502","12,205","10,845","7,916","6,676","5,297","3,685","3,285"
Kingston upon Thames,"10,964","5,647","3,319","8,541","1,799","3,422","4,643","13,505","12,358","13,356","13,407","12,157","11,126","9,504","7,972","7,982","5,694","4,547","3,753","3,022","3,342"
Merton,"14,830","7,225","4,182","10,474","2,142","4,418","3,849","12,452","19,877","20,904","17,255","15,504","14,039","11,294","9,349","8,777","6,374","5,506","4,524","3,441","3,277"
Redbridge,"21,666","11,561","7,363","18,579","3,689","7,527","6,721","18,894","23,814","23,935","20,642","19,654","18,561","16,456","13,945","12,578","9,165","7,652","6,449","5,104","5,015"
Richmond upon Thames,"14,038","6,986","4,121","9,827","1,966","3,621","3,498","9,145","12,546","16,026","17,433","15,937","14,536","11,805","10,067","10,142","7,406","5,617","4,525","3,709","4,039"
Sutton,"12,750","6,897","4,198","11,673","2,470","5,097","3,920","10,657","13,185","14,303","14,737","15,413","14,928","12,274","10,045","10,366","7,563","6,222","5,345","4,103","4,000"
Waltham Forest,"20,839","10,359","6,104","14,760","3,056","6,234","5,951","20,604","26,508","24,168","21,112","20,243","17,340","14,321","11,301","9,783","7,231","6,182","4,967","3,662","3,524"
Bracknell Forest,"8,027","4,218","2,527","7,082","1,608","3,198","2,425","6,349","7,721","8,414","8,792","9,425","9,181","7,911","6,347","5,833","4,213","3,307","2,789","1,953","1,885"
Brighton and Hove,"15,015","8,186","5,105","13,412","2,627","5,602","9,810","28,129","22,998","21,959","21,789","21,905","20,443","15,345","12,638","12,714","9,535","7,925","6,676","5,572","5,984"
Isle of Wight,"6,412","3,945","2,597","7,968","1,754","3,492","2,944","6,808","6,690","6,340","7,313","9,523","10,017","9,307","9,207","10,994","9,742","7,370","6,048","4,724","5,070"
Medway,"17,224","9,732","6,235","16,765","3,458","7,463","8,110","19,041","17,581","17,246","17,313","19,762","19,699","17,205","14,632","15,454","11,597","9,055","6,997","4,949","4,407"
Milton Keynes,"19,908","10,263","6,205","15,805","3,211","6,339","5,170","14,056","19,596","20,960","19,498","19,090","17,930","16,011","14,099","13,169","8,872","6,595","4,884","3,610","3,550"
Portsmouth,"13,548","6,970","4,061","10,927","2,294","4,628","9,034","22,761","16,991","13,860","13,384","14,280","13,848","11,926","9,312","9,820","7,655","6,206","5,210","4,000","4,341"
Reading,"11,937","5,463","3,093","7,968","1,655","3,279","4,875","14,574","15,113","15,244","12,158","11,104","9,910","8,269","6,851","6,373","4,902","4,156","3,396","2,736","2,642"
Slough,"12,777","6,276","3,718","9,034","1,755","3,664","3,155","9,574","13,351","14,201","11,608","10,093","8,993","7,631","6,391","5,160","3,536","3,101","2,626","1,879","1,682"
Southampton,"15,407","7,406","4,441","11,555","2,539","4,801","10,602","29,384","21,785","18,600","15,686","14,602","14,797","12,716","10,839","10,946","8,647","6,796","5,902","4,759","4,672"
West Berkshire,"10,065","5,512","3,505","9,914","2,095","4,303","3,235","7,341","8,506","9,306","11,109","12,595","12,486","10,965","9,506","9,753","7,406","5,543","4,337","3,253","3,087"
Windsor and Maidenhead,"9,365","5,252","3,332","8,863","1,848","3,910","2,585","7,111","8,841","9,678","10,626","11,645","11,195","9,379","8,161","8,692","6,943","5,481","4,617","3,547","3,489"
Wokingham,"10,031","5,758","3,793","9,740","2,048","4,090","3,349","7,428","8,071","9,782","11,499","12,460","12,780","11,173","9,163","9,426","7,337","5,715","4,637","3,154","2,946"
Aylesbury Vale,"11,345","6,475","4,069","11,267","2,414","4,734","3,736","8,763","9,872","10,928","12,149","14,083","14,497","12,564","10,464","10,741","7,930","6,279","4,901","3,575","3,351"
Chiltern,"5,473","3,510","2,350","6,339","1,284","2,524","1,751","3,693","3,706","4,400","5,718","7,006","7,785","7,072","5,792","6,264","5,130","4,202","3,581","2,560","2,495"
South Bucks,"3,931","2,291","1,526","4,090",828,"1,736","1,333","3,114","3,414","3,464","4,057","5,202","5,412","5,002","4,233","4,283","3,437","3,115","2,477","2,001","1,921"
Wycombe,"11,083","6,523","4,195","10,856","2,200","4,502","4,126","10,404","10,615","11,127","11,989","13,274","12,770","10,900","9,930","9,954","8,192","6,405","5,358","3,796","3,445"
Eastbourne,"5,327","2,978","1,889","5,380","1,147","2,487","2,617","6,093","6,063","5,712","5,924","6,559","6,742","6,008","5,544","6,639","5,350","4,735","4,223","3,797","4,198"
Hastings,"5,570","2,925","1,847","5,317","1,107","2,358","2,294","5,769","5,621","5,217","5,732","6,728","6,772","6,109","5,395","6,092","4,525","3,424","2,824","2,212","2,416"
Lewes,"5,052","3,158","2,071","5,551","1,136","2,366","2,077","4,679","4,596","4,534","5,478","6,895","7,498","6,652","6,391","7,214","5,981","4,908","4,271","3,460","3,534"
Rother,"3,999","2,488","1,608","5,119","1,015","2,237","1,786","3,632","3,377","3,184","4,110","5,732","6,545","6,014","6,017","7,962","6,696","5,569","4,839","4,035","4,624"
Wealden,"7,508","4,866","3,234","9,023","1,841","3,837","3,130","6,306","6,161","6,132","8,046","10,780","11,842","10,606","9,846","11,615","9,944","7,634","6,450","5,020","5,094"
Basingstoke and Deane,"11,355","6,085","3,862","10,369","2,181","4,087","3,342","8,910","11,034","11,448","12,379","13,687","13,738","11,439","9,543","10,189","7,700","5,747","4,583","3,223","2,898"
East Hampshire,"6,209","3,874","2,638","7,305","1,563","3,252","2,516","5,382","5,101","5,497","7,006","8,762","9,639","8,772","7,553","8,236","6,647","5,159","4,122","3,191","3,184"
Eastleigh,"7,737","4,317","2,666","7,399","1,598","3,205","2,724","7,269","7,295","7,848","8,645","9,351","9,750","8,843","7,647","8,074","5,980","4,951","3,974","3,136","2,790"
Fareham,"5,578","3,506","2,292","6,696","1,356","2,874","2,453","5,761","5,406","5,474","6,985","8,584","8,990","8,053","6,961","7,836","6,577","5,244","4,491","3,387","3,077"
Gosport,"5,425","2,930","1,795","4,936","1,134","2,061","1,915","4,979","5,405","4,954","5,430","5,942","6,147","5,688","4,603","5,172","3,948","3,255","2,858","2,054","1,991"
Hart,"5,663","3,527","2,207","5,795","1,160","2,308","1,720","4,261","4,542","5,296","6,959","7,373","7,653","6,316","5,354","5,881","4,732","3,692","2,782","1,970","1,842"
Havant,"6,710","3,944","2,448","7,195","1,580","3,145","2,890","6,798","6,444","5,891","6,676","8,434","8,906","8,485","7,517","8,196","7,011","5,854","5,147","3,987","3,426"
New Forest,"8,592","5,100","3,412","9,665","2,179","3,988","3,559","8,146","7,544","7,840","9,664","11,681","13,216","12,097","11,748","13,889","11,741","9,685","8,428","6,956","7,332"
Rushmoor,"6,747","3,550","2,018","5,440","1,198","2,532","2,286","6,682","7,282","7,494","7,610","7,475","7,201","5,665","4,572","4,611","3,476","2,766","2,043","1,583","1,576"
Test Valley,"6,711","4,014","2,582","7,117","1,560","3,051","2,470","5,694","5,399","5,988","7,712","8,966","9,706","8,392","7,316","8,323","6,640","4,995","4,013","2,912","2,837"
Winchester,"6,580","3,971","2,526","6,953","1,455","3,253","3,426","7,517","5,635","6,231","7,491","8,288","8,899","7,985","6,934","7,672","6,193","4,971","4,046","3,286","3,283"
Ashford,"7,771","4,361","2,997","7,838","1,578","3,164","2,879","6,245","6,470","6,548","7,559","9,483","9,196","7,471","6,749","7,679","6,195","4,614","3,697","2,729","2,733"
Canterbury,"7,514","4,533","2,973","8,393","1,761","3,656","7,892","16,222","8,658","7,258","7,878","9,506","9,686","8,727","8,387","9,656","7,950","6,391","5,198","4,342","4,564"
Dartford,"6,765","3,731","2,248","5,922","1,357","2,461","2,187","6,199","7,081","7,123","7,067","7,651","7,332","6,132","5,064","5,093","3,890","3,208","2,843","2,134","1,877"
Dover,"6,259","3,567","2,312","6,657","1,497","2,959","2,549","5,844","5,891","5,729","6,328","7,878","8,422","7,751","7,290","8,224","6,725","5,196","4,149","3,254","3,193"
Gravesham,"6,647","3,894","2,381","6,529","1,305","2,942","2,476","6,502","6,618","6,369","6,638","7,666","7,584","6,437","5,568","5,874","4,631","3,886","3,350","2,375","2,048"
Maidstone,"9,553","5,406","3,379","9,443","1,886","4,017","3,368","8,633","9,641","9,582","10,212","11,910","11,852","10,300","9,246","10,201","7,997","6,272","4,993","3,738","3,514"
Sevenoaks,"6,976","4,261","2,672","7,093","1,410","3,180","2,287","5,232","5,234","6,263","7,374","8,740","9,084","8,030","7,202","8,188","6,318","4,966","4,194","3,252","2,937"
Shepway,"5,996","3,333","2,242","6,331","1,307","2,796","2,487","6,200","5,591","5,601","6,234","7,697","7,815","7,166","6,616","8,142","6,418","5,175","4,124","3,289","3,409"
Swale,"8,747","4,799","3,173","8,780","1,797","3,664","3,249","7,790","8,180","7,775","8,495","10,072","10,502","8,979","7,986","9,224","7,180","5,511","4,168","3,105","2,659"
Thanet,"8,093","4,436","2,805","8,570","1,726","3,473","3,394","7,396","7,320","6,813","7,347","8,932","9,346","8,461","8,080","9,581","7,908","6,401","5,238","4,333","4,533"
Tonbridge and Malling,"7,447","4,665","3,003","8,169","1,700","3,644","2,734","5,841","5,804","6,599","8,450","9,831","9,668","8,330","6,900","7,593","6,088","4,953","4,033","2,917","2,436"
Tunbridge Wells,"7,308","4,242","2,734","7,671","1,611","3,303","2,290","5,575","6,809","6,974","8,113","9,191","9,071","7,652","6,401","7,029","5,487","4,157","3,545","2,948","2,938"
Cherwell,"9,819","5,170","3,126","8,588","1,743","3,541","3,124","7,590","9,577","9,713","10,145","11,116","11,104","9,284","8,088","8,441","6,316","5,230","4,205","3,129","2,819"
Oxford,"9,251","4,545","2,861","7,114","1,410","3,200","8,302","22,554","17,096","12,863","9,623","8,854","8,494","7,027","6,148","5,924","4,583","3,769","3,066","2,525","2,697"
South Oxfordshire,"8,213","4,809","3,034","8,210","1,759","3,262","2,720","6,214","7,155","7,561","9,212","10,807","10,763","9,353","8,083","8,722","7,255","5,785","4,591","3,374","3,375"
Vale of White Horse,"7,411","4,128","2,599","7,367","1,616","3,188","2,613","5,927","6,959","7,332","7,899","8,946","9,404","8,418","7,440","7,980","6,317","5,054","4,205","3,133","3,052"
West Oxfordshire,"6,362","3,529","2,230","6,056","1,290","2,530","2,178","5,308","6,043","6,162","6,979","8,068","8,428","7,184","6,223","6,947","5,685","4,428","3,619","2,790","2,740"
Elmbridge,"9,358","5,322","3,317","8,315","1,558","3,258","2,339","5,109","6,036","8,430","10,219","10,958","11,045","9,006","7,419","7,668","5,818","4,722","4,043","3,273","3,662"
Epsom and Ewell,"4,628","2,689","1,726","4,737",951,"1,988","1,745","4,182","3,952","4,640","5,368","5,904","6,005","4,972","4,274","4,766","3,502","2,872","2,416","1,851","1,934"
Guildford,"8,110","4,663","2,862","7,466","1,493","3,011","4,443","11,292","9,268","9,210","9,752","9,795","10,063","8,779","7,652","7,931","5,966","4,892","4,134","3,195","3,206"
Mole Valley,"4,604","2,839","1,893","5,348","1,111","2,271","1,630","3,559","3,753","4,330","5,269","6,502","7,019","6,191","5,452","5,930","4,957","3,915","3,457","2,660","2,685"
Reigate and Banstead,"9,153","4,978","3,113","8,218","1,648","3,322","2,706","6,965","8,147","9,676","10,118","10,703","10,946","9,110","7,833","8,466","6,263","4,918","4,282","3,419","3,851"
Runnymede,"4,802","2,531","1,537","4,147",840,"1,708","2,913","6,967","4,512","5,137","5,789","5,832","6,021","5,277","4,412","4,617","3,664","2,944","2,757","2,046","2,057"
Spelthorne,"6,017","3,200","1,965","5,175","1,152","2,260","1,984","5,179","5,940","6,605","6,653","7,442","7,845","6,471","5,419","5,611","4,537","3,970","3,332","2,509","2,332"
Surrey Heath,"5,129","3,145","2,008","5,464","1,096","2,288","1,747","4,207","4,581","5,072","6,133","7,101","7,144","6,146","5,191","5,287","4,267","3,401","2,954","1,955","1,828"
Tandridge,"4,886","2,895","1,820","5,391","1,084","2,253","1,647","3,997","3,905","4,572","5,281","6,402","6,789","5,900","5,209","5,612","4,499","3,391","2,807","2,367","2,291"
Waverley,"7,341","4,548","2,787","7,727","1,691","3,523","2,696","5,101","5,248","6,384","8,348","9,333","9,432","8,300","7,255","8,036","6,710","5,251","4,585","3,405","3,871"
Woking,"7,278","3,722","2,281","5,578","1,154","2,263","1,903","4,961","6,812","7,803","8,103","7,687","7,418","6,494","5,443","5,455","4,090","3,290","2,883","2,254","2,326"
Adur,"3,537","1,899","1,211","3,173",783,"1,501","1,256","2,982","3,131","3,363","3,947","4,532","4,450","4,003","3,679","4,301","3,658","3,057","2,602","2,082","2,035"
Arun,"7,386","4,180","2,788","7,416","1,584","3,139","3,208","7,443","7,314","7,190","8,113","10,123","10,463","9,404","9,080","11,359","10,264","8,971","7,558","6,037","6,498"
Chichester,"5,652","3,375","2,255","6,092","1,259","2,368","2,890","6,200","5,150","5,205","6,121","7,497","8,312","7,795","7,179","8,550","7,551","6,219","5,515","4,317","4,292"
Crawley,"8,071","4,074","2,412","6,244","1,247","2,652","2,320","6,816","9,044","9,150","8,120","8,102","7,557","6,689","5,469","5,162","3,407","2,860","2,703","2,451","2,047"
Horsham,"7,151","4,379","2,872","8,469","1,672","3,551","2,653","5,660","5,858","6,732","8,200","10,310","10,978","9,784","8,353","9,109","7,279","5,851","4,903","3,814","3,723"
Mid Sussex,"8,343","5,028","3,147","8,755","1,832","3,700","2,693","6,490","7,510","8,043","9,451","11,006","11,114","9,536","8,617","9,288","7,356","5,448","4,726","3,879","3,898"
Worthing,"6,346","3,438","2,121","5,584","1,180","2,270","2,209","5,497","6,013","6,415","6,938","7,933","7,919","6,775","5,852","6,576","5,344","4,597","3,986","3,569","4,078"
Bath and North East Somerset,"9,238","5,192","3,508","9,568","2,071","4,125","7,086","15,995","10,141","9,478","10,726","12,196","12,824","11,115","10,134","10,802","8,803","7,125","6,041","4,940","4,908"
Bournemouth,"10,275","4,862","2,999","8,399","1,732","3,517","6,141","17,130","14,935","14,309","12,392","12,369","12,284","10,361","9,285","10,190","8,048","6,613","6,149","5,355","6,146"
"Bristol, City of","29,633","14,371","8,466","21,703","4,408","8,922","13,711","44,371","40,752","36,418","30,435","28,307","27,076","23,319","20,392","20,078","15,222","12,503","10,697","8,538","8,912"
Cornwall,"27,366","15,714","10,359","29,972","6,530","12,575","12,695","28,357","26,373","26,702","30,276","36,620","38,486","36,853","35,543","42,611","35,224","26,543","21,397","16,349","15,728"
Isles of Scilly,105,65,40,114,22,7,27,111,135,127,130,170,175,155,142,172,164,107,81,84,70
North Somerset,"11,653","6,681","4,343","11,579","2,396","4,749","4,181","9,491","10,363","10,691","12,598","14,997","15,404","13,428","12,725","14,654","12,468","9,603","7,921","6,122","6,519"
Plymouth,"15,336","7,956","4,991","13,645","2,954","6,011","8,839","24,343","18,888","15,402","15,537","17,723","17,582","16,367","13,955","15,140","12,156","9,843","8,120","5,978","5,618"
Poole,"8,450","4,687","2,896","7,924","1,702","3,557","3,361","8,180","8,712","8,835","9,331","10,689","11,078","9,486","8,771","9,828","8,011","6,552","5,808","4,868","4,919"
South Gloucestershire,"15,925","8,967","5,641","15,858","3,539","6,958","7,102","15,458","15,606","15,863","17,402","20,709","21,310","17,270","15,002","15,748","13,465","10,575","8,749","6,086","5,534"
Swindon,"14,083","7,551","4,722","12,433","2,593","5,141","4,690","12,859","15,075","15,172","16,297","16,869","16,371","13,822","11,634","10,990","8,453","6,707","5,633","4,266","3,795"
Torbay,"6,690","3,851","2,426","7,092","1,610","3,120","2,839","6,779","6,700","6,140","7,060","8,855","9,547","8,809","8,418","10,169","8,594","6,970","5,804","4,415","5,071"
Wiltshire,"28,373","16,588","10,611","29,276","6,120","12,432","10,645","24,720","25,471","25,078","30,389","36,130","36,817","32,734","28,863","31,246","25,135","19,935","16,189","12,267","11,962"
East Devon,"5,846","3,640","2,374","7,074","1,521","3,121","2,678","5,517","5,201","5,250","6,635","8,668","9,191","8,684","8,804","10,907","9,857","8,269","6,954","5,923","6,343"
Exeter,"6,747","3,453","2,082","5,329","1,096","2,343","5,957","14,155","9,027","8,066","7,333","7,603","7,593","6,683","5,890","6,147","4,750","3,997","3,427","3,009","3,086"
Mid Devon,"4,498","2,592","1,651","4,713","1,096","1,941","1,619","3,675","3,888","3,710","4,487","5,651","5,954","5,436","5,143","5,831","4,797","3,715","2,880","2,283","2,190"
North Devon,"5,014","2,930","1,871","5,286","1,188","2,317","2,070","4,821","4,565","4,641","5,122","6,429","6,886","6,429","6,051","7,239","6,155","4,782","3,867","2,989","3,015"
South Hams,"3,677","2,333","1,624","4,602","1,036","1,979","1,677","3,648","3,424","3,245","3,997","5,535","6,553","6,346","6,231","7,479","6,034","4,469","3,688","2,774","2,789"
Teignbridge,"5,984","3,670","2,371","6,966","1,491","3,028","2,638","5,694","5,432","5,617","6,646","8,694","9,713","8,671","8,609","9,980","8,397","6,352","5,357","4,302","4,608"
Torridge,"3,157","1,814","1,277","3,493",777,"1,559","1,295","3,025","2,634","2,891","3,318","4,294","4,681","4,508","4,579","5,559","4,687","3,480","2,819","2,032","1,960"
West Devon,"2,556","1,590","1,060","3,055",640,"1,298","1,043","2,394","2,244","2,356","2,788","3,594","4,311","3,932","3,815","4,487","3,835","2,844","2,238","1,704","1,769"
Christchurch,"2,143","1,360",854,"2,562",544,"1,071",897,"2,063","1,882","2,016","2,392","3,066","3,284","2,935","2,775","3,721","3,514","3,029","2,802","2,348","2,494"
East Dorset,"3,737","2,457","1,635","4,702","1,078","1,983","1,740","3,632","3,013","3,201","4,249","5,705","6,481","6,083","5,796","7,355","6,300","5,509","4,811","3,866","3,833"
North Dorset,"3,647","2,171","1,400","4,204",931,"2,043","1,535","3,402","3,197","3,387","4,037","4,685","4,993","4,627","4,379","5,146","4,238","3,471","2,745","2,195","2,150"
Purbeck,"2,114","1,315",899,"2,428",539,"1,110",885,"2,165","1,998","1,991","2,370","3,024","3,285","3,197","2,983","3,723","3,231","2,417","2,146","1,621","1,532"
West Dorset,"4,343","2,633","1,882","5,579","1,291","2,626","1,954","4,300","3,607","3,876","4,932","6,400","7,371","6,898","6,951","8,343","7,328","5,773","5,069","3,958","4,150"
Weymouth and Portland,"3,349","1,928","1,309","3,548",727,"1,560","1,608","3,888","3,394","3,363","3,669","4,561","4,848","4,589","4,295","4,916","4,056","3,124","2,541","1,990","1,904"
Cheltenham,"6,486","3,483","2,206","6,201","1,348","2,874","3,334","9,185","9,324","8,296","7,715","8,022","8,230","7,051","6,263","6,385","5,090","4,321","3,628","2,964","3,326"
Cotswold,"3,929","2,459","1,667","4,746",942,"2,001","1,858","3,837","3,416","3,502","4,926","6,201","6,564","6,182","5,783","6,379","5,280","4,146","3,492","2,789","2,782"
Forest of Dean,"4,055","2,480","1,639","4,779","1,061","2,409","2,048","4,200","3,601","3,530","4,687","6,120","6,353","5,932","5,700","6,381","5,290","4,090","3,138","2,236","2,232"
Gloucester,"8,239","4,324","2,789","7,274","1,531","3,199","3,173","8,402","8,720","8,181","8,200","9,232","9,188","7,997","6,589","6,585","5,324","4,152","3,360","2,732","2,497"
Stroud,"6,113","3,657","2,509","6,791","1,458","3,055","2,372","5,246","4,910","5,438","7,194","8,815","8,978","8,303","7,671","8,292","6,574","5,107","4,122","3,110","3,064"
Tewkesbury,"4,616","2,656","1,671","4,688",954,"1,936","1,578","4,088","4,023","4,437","5,263","6,280","6,522","5,754","5,251","5,717","4,835","4,001","3,083","2,322","2,268"
Mendip,"5,915","3,617","2,296","6,988","1,581","3,450","2,559","5,359","5,114","5,100","6,284","8,167","8,625","7,763","7,227","7,956","6,210","4,839","4,001","3,063","3,165"
Sedgemoor,"6,321","3,613","2,348","6,868","1,516","3,055","2,538","6,193","5,671","5,473","6,301","8,249","8,859","8,051","7,585","8,482","6,932","5,514","4,366","3,387","3,266"
South Somerset,"8,771","5,073","3,316","9,424","2,034","4,005","3,549","8,513","8,127","7,860","9,242","11,202","11,747","10,808","10,495","12,252","10,083","7,907","6,490","5,260","5,085"
Taunton Deane,"6,266","3,572","2,271","6,389","1,580","3,117","2,525","6,226","6,047","5,877","6,628","7,739","8,077","7,442","6,915","7,504","6,048","4,776","4,152","3,495","3,541"
West Somerset,"1,444",833,548,"1,640",366,741,692,"1,744","1,549","1,272","1,376","1,968","2,342","2,413","2,554","3,113","2,852","2,302","1,901","1,473","1,552"
Anglesey,"3,878","2,082","1,382","3,746",773,"1,680","1,398","3,863","3,603","3,563","3,846","4,641","4,750","4,817","4,622","5,461","4,759","3,815","2,847","2,199","2,026"
Gwynedd,"6,819","3,748","2,430","6,610","1,344","2,784","4,220","9,719","6,472","6,060","6,736","7,918","8,154","7,864","7,323","8,533","7,391","5,739","4,802","3,763","3,445"
Conwy,"5,839","3,351","2,155","6,418","1,363","2,849","2,390","5,798","5,404","5,350","6,036","7,693","8,304","7,939","7,333","8,844","7,604","6,362","5,558","4,363","4,275"
Denbighshire,"5,323","2,986","1,975","5,473","1,196","2,543","2,270","5,212","4,525","4,496","5,353","6,420","6,925","6,223","5,965","7,159","5,791","4,794","3,709","2,813","2,583"
Flintshire,"9,349","5,098","3,275","8,997","1,925","4,073","3,499","8,970","8,547","8,377","9,724","11,475","11,715","10,113","9,504","11,029","8,455","6,844","4,929","3,455","3,153"
Wrexham,"8,829","4,785","2,832","7,736","1,636","3,219","3,188","8,439","8,825","8,212","8,813","9,971","9,725","8,640","8,285","8,858","7,126","5,390","4,256","3,202","2,877"
Powys,"6,582","3,959","2,681","7,947","1,724","3,463","2,780","6,465","5,877","5,843","6,975","9,000","9,971","9,221","9,378","10,864","9,087","7,145","5,715","4,211","4,088"
Ceredigion,"3,472","2,015","1,331","3,642",770,"1,607","4,255","8,191","3,614","3,304","3,654","4,325","4,738","4,841","4,884","5,574","4,724","3,694","2,957","2,194","2,136"
Pembrokeshire,"6,784","3,889","2,469","7,383","1,552","3,131","2,798","6,710","5,860","5,770","6,379","8,046","9,065","8,197","8,188","9,525","7,910","6,470","5,174","3,673","3,466"
Carmarthenshire,"10,310","5,835","3,862","10,642","2,365","4,628","4,352","10,598","9,531","9,330","10,234","12,228","13,568","12,528","12,242","13,348","11,419","8,924","7,273","5,378","5,182"
Swansea,"13,110","7,491","4,948","13,214","2,633","5,412","8,004","20,520","15,559","14,389","14,713","15,929","16,301","15,156","13,856","14,976","12,048","10,108","8,636","6,265","5,755"
Neath Port Talbot,"7,599","4,500","2,816","8,020","1,702","3,599","3,219","8,112","8,702","8,311","8,540","9,759","10,380","9,758","9,261","9,483","7,641","6,221","4,901","3,836","3,452"
Bridgend,"7,727","4,620","2,959","8,369","1,613","3,558","3,226","8,234","8,439","8,332","9,136","10,456","10,633","9,366","8,521","9,135","7,518","6,251","4,761","3,284","3,040"
The Vale of Glamorgan,"7,333","4,229","2,689","7,902","1,679","3,481","2,992","6,825","6,969","7,237","7,958","8,943","9,463","8,883","8,211","8,487","6,824","5,543","4,260","3,275","3,153"
Cardiff,"22,378","11,163","6,917","18,538","3,979","7,836","14,055","38,735","30,515","25,290","22,195","22,461","22,410","20,231","17,337","16,498","12,204","10,501","9,043","6,906","6,898"
"Rhondda, Cynon, Taff","14,449","8,134","5,006","13,885","2,820","5,837","6,225","16,178","14,818","14,131","14,623","16,884","16,796","15,244","13,854","15,453","12,186","9,818","7,706","5,304","5,059"
Merthyr Tydfil,"3,630","1,881","1,238","3,476",735,"1,616","1,473","3,959","4,170","3,417","3,409","4,281","4,363","4,068","3,510","3,780","2,895","2,436","1,931","1,350","1,184"
Caerphilly,"11,313","6,289","4,141","10,991","2,247","4,710","4,361","10,820","11,222","10,989","11,408","13,256","13,057","11,790","10,832","11,815","9,276","7,414","5,706","3,761","3,408"
Blaenau Gwent,"4,016","2,223","1,334","4,053",867,"1,946","1,832","4,636","4,284","3,996","4,195","5,378","5,228","4,636","4,094","4,619","3,913","3,052","2,422","1,593","1,497"
Torfaen,"5,381","3,105","1,928","5,620","1,208","2,630","2,240","5,588","5,574","5,069","5,183","6,457","6,854","6,189","5,639","6,040","4,837","3,807","3,221","2,347","2,158"
Monmouthshire,"4,637","2,852","1,919","5,684","1,151","2,628","1,950","4,311","3,812","4,067","5,075","6,836","7,641","6,539","6,281","6,897","5,630","4,440","3,718","2,678","2,577"
Newport,"9,543","5,194","3,363","9,402","1,886","3,881","4,114","10,041","9,406","9,161","8,860","10,798","10,670","9,356","7,803","8,507","6,769","5,775","4,677","3,382","3,148"
,,,,,,,,,,,,,,,,,,,,,
"In order to protect against disclosure of personal information, records have been swapped between different geographic areas. Some counts will be affected, particularly small counts at the lowest geographies.",,,,,,,,,,,,,,,,,,,,,
